INSERT INTO FESTIVAL (idF, nomF, dateDebF, dateFinF, descriptionF) VALUES 
    (1, "Festival de Musique en Plein Air", "2024-07-15", "2024-07-17", "Un festival de musique en plein air avec des performances live de différents artistes et groupes."),
    (2, "Festival de Jazz et de Blues", "2024-08-10", "2024-08-12", "Un festival de jazz et de blues mettant en vedette des musiciens légendaires et des talents émergents."),
    (3, "Festival Électro Beats", "2024-09-05", "2024-09-07", "Une expérience électrisante avec des DJs internationaux et des artistes de musique électronique."),
    (4, "Festival Folklorique Traditionnel", "2024-06-20", "2024-06-22", "Un voyage au cœur de la culture avec des danses traditionnelles, de la musique folklorique et des expositions artisanales."),
    (5, "Festival Rock Énergique", "2024-10-01", "2024-10-03", "Un festival rock énergique présentant des groupes de légende et des nouveaux talents, avec des performances spectaculaires."),
    (6, "Festival de Musique Classique", "2024-11-12", "2024-11-14", "Un rendez-vous magique avec les chefs-d œuvre classiques interprétés par des orchestres renommés et des solistes exceptionnels."),
    (7, "Festival de Musique du Monde", "2024-12-05", "2024-12-07", "Une célébration de la diversité musicale du monde entier avec des musiciens traditionnels et des fusions musicales uniques."),
    (8, "Festival de Hip-Hop Urbain", "2024-05-25", "2024-05-27", "Une immersion dans la culture hip-hop urbaine avec des battles de danse, des rappeurs talentueux et des graffeurs renommés."),
    (9, "Festival de Musique Expérimentale", "2024-04-08", "2024-04-10", "Un voyage sonore exploratoire avec des expérimentations musicales, des installations sonores et des performances avant-gardistes."),
    (10, "Festival de Musique Country", "2024-03-15", "2024-03-17", "Une célébration de l'authenticité et de la tradition avec des artistes de musique country primés et des activités western passionnantes."),
    (11, "Festival de Musique Indie", "2024-08-25", "2024-08-27", "Un festival mettant en vedette des groupes et des artistes indépendants émergents, offrant une plate-forme pour la créativité musicale."),
    (12, "Festival de Musique du Cinéma", "2024-09-18", "2024-09-20", "Une célébration des bandes sonores emblématiques du cinéma, avec des performances orchestrales en direct et des projections de films classiques."),
    (13, "Festival de Musique Rétro", "2024-06-05", "2024-06-07", "Un voyage dans le temps avec des performances musicales rétro, des costumes d'époque et une ambiance nostalgique des décennies passées."),
    (14, "Festival de Musique Contemporaine", "2024-11-05", "2024-11-07", "Une exploration des frontières de la musique contemporaine avec des compositeurs innovants, des expérimentations sonores et des performances avant-gardistes."),
    (15, "Festival de Musique de l'Asie", "2024-07-30", "2024-08-01", "Un festin musical multiculturel mettant en avant la richesse des traditions musicales de l'Asie, avec des concerts, des ateliers et des démonstrations."),
    (16, "Festival de Musique Celtique", "2024-10-12", "2024-10-14", "Une célébration enjouée de la musique celtique avec des groupes de musique traditionnelle, des danses folkloriques et des légendes celtiques."),
    (17, "Festival de Musique de la Nature", "2024-05-08", "2024-05-10", "Une expérience sonore immersive intégrant les sons de la nature dans la musique, avec des performances en plein air et des conférences sur la biodiversité."),
    (18, "Festival de Musique de l'Espace", "2024-12-02", "2024-12-04", "Un voyage musical intergalactique avec des compositions inspirées de l'espace, des projections astronomiques et des activités éducatives sur l'astronomie."),
    (19, "Festival de Musique de la Renaissance", "2024-04-20", "2024-04-22", "Un retour aux racines de la musique avec des instruments anciens, des chants médiévaux et des reconstitutions historiques d'ensembles musicaux de l'époque."),
    (20, "Festival de Musique de la Diversité", "2024-02-15", "2024-02-17", "Une célébration de la diversité musicale mondiale, mettant en lumière des genres musicaux variés, des artistes émergents et des collaborations interculturelles."),
    (21, "Festival de Musique Alternative", "2024-09-28", "2024-09-30", "Une célébration de l'expérimentation musicale avec des artistes de la scène alternative, des installations artistiques et des performances uniques."),
    (22, "Festival de Musique du Futur", "2024-11-28", "2024-11-30", "Une exploration audacieuse des nouvelles frontières de la musique, mettant en avant des technologies musicales innovantes et des artistes pionniers."),
    (23, "Festival de Musique Acoustique", "2024-10-05", "2024-10-07", "Un festival intime mettant en vedette des performances acoustiques émouvantes, des chanteurs-compositeurs et des musiciens virtuoses."),
    (24, "Festival de Musique Africaine", "2024-07-12", "2024-07-14", "Une célébration rythmique de la diversité musicale de l'Afrique avec des percussions envoûtantes, des danses traditionnelles et des mélodies envoûtantes."),
    (25, "Festival de Musique de l'Océanie", "2024-03-08", "2024-03-10", "Un voyage musical à travers les îles de l'Océanie avec des chants tribaux, des instruments traditionnels et des légendes marines."),
    (26, "Festival de Musique de l'Âme", "2024-12-18", "2024-12-20", "Une célébration de la musique de l'âme, du R&B et du funk avec des voix puissantes, des grooves entraînants et des performances émotionnelles."),
    (27, "Festival de Musique de la Renaissance", "2024-06-16", "2024-06-18", "Un retour à l'ère de la Renaissance avec des compositions classiques, des instruments d'époque et des costumes élaborés."),
    (28, "Festival de Musique de la Forêt", "2024-05-22", "2024-05-24", "Une expérience musicale au cœur de la nature, avec des concerts en plein air, des chants d'oiseaux et le murmure des arbres."),
    (29, "Festival de Musique de la Lune", "2024-08-08", "2024-08-10", "Un voyage musical onirique inspiré par la lune, avec des sonorités éthérées, des projections lunaires et des performances nocturnes envoûtantes."),
    (30, "Festival de Musique de l'Aube", "2024-01-05", "2024-01-07", "Une célébration musicale du lever du soleil, avec des concerts matinaux, des mélodies apaisantes et une ambiance paisible pour accueillir la journée.");

INSERT INTO LIEU (idL, nomL, adresseL, nbPlacesL) VALUES 
    (1, "Parc Central", "123 Rue Principale, Villeville", 5000),
    (2, "Amphithéâtre Verdure", "45 Avenue des Artistes, Cité des Arts", 8000),
    (3, "Prairie des Sons", "678 Chemin de la Musique, Campagne-sur-Mer", 10000),
    (4, "Salle Harmonie", "321 Allée des Mélodies, Musiquesta", 3000),
    (5, "Place du Rythme", "87 Place de la Musique, Harmonville", 6000),
    (6, "Jardin des Accords", "29 Rue des Harmonies, Mélodiville", 4000),
    (7, "Esplanade Musicale", "555 Boulevard des Artistes, Chanson-sur-Mer", 7000),
    (8, "Stade Sonore", "789 Avenue de la Musique, Forte Mélodie", 12000),
    (9, "Théâtre des Notes", "1010 Rue des Instruments, Orchestrapolis", 2500),
    (10, "Domaine Mélodique", "2222 Chemin des Sonorités, Harmonieville", 15000),
    (11, "Salle de l'Harmonie", "789 Avenue de la Musique, Mélodia", 3500),
    (12, "Plage Musicale", "12 Rue des Rythmes, Harmonie-Plage", 8000),
    (13, "Centre des Arts", "567 Boulevard des Artistes, Mélodiville", 4200),
    (14, "Allée des Accords", "23 Avenue des Mélodies, Chansonville", 2800),
    (15, "Espace Sonore", "456 Rue de la Musique, Orchestrapolis", 6000),
    (16, "Théâtre des Harmonies", "111 Place des Notes, Musiqueville", 2000),
    (17, "Salle de Concert Prestige", "999 Rue de l'Harmonie, Mélodiville", 4500),
    (18, "Place de la Mélodie", "777 Allée des Chansons, Harmonie-sur-Mer", 7000),
    (19, "Jardin des Muses", "1010 Avenue des Rythmes, Mélodia", 3000),
    (20, "Salle Symphonique", "1212 Boulevard des Artistes, Orchestrapolis", 5500),
    (21, "Place des Instruments", "2323 Rue des Mélodies, Chansonville", 6500),
    (22, "Amphithéâtre Musical", "3434 Avenue de la Musique, Harmonie-Plage", 9000),
    (23, "Parc des Sonorités", "4545 Allée des Chansons, Mélodia", 3200),
    (24, "Centre Harmonique", "5656 Rue des Rythmes, Harmonie-sur-Mer", 4300),
    (25, "Espace Mélodique", "6767 Boulevard des Artistes, Musiqueville", 2600),
    (26, "Allée des Accords Parfaits", "7878 Avenue de la Musique, Orchestrapolis", 3800),
    (27, "Place de l'Harmonie", "8989 Rue des Mélodies, Chansonville", 5100),
    (28, "Salle des Rythmes", "9898 Allée des Chansons, Harmonie-Plage", 4400),
    (29, "Théâtre Mélodique", "1212 Avenue des Instruments, Mélodia", 3700),
    (30, "Parc Harmonique", "2323 Boulevard des Artistes, Harmonie-sur-Mer", 4800);

INSERT INTO INSTRUMENT (idI, nomI) VALUES 
    (1, "Guitare"),
    (2, "Batterie"),
    (3, "Piano"),
    (4, "Violon"),
    (5, "Saxophone"),
    (6, "Trompette"),
    (7, "Flûte"),
    (8, "Basse"),
    (9, "Harpe"),
    (10, "Clarinette"),
    (11, "Violoncelle"),
    (12, "Accordéon"),
    (13, "Tambour"),
    (14, "Orgue"),
    (15, "Hautbois"),
    (16, "Marimba"),
    (17, "Xylophone"),
    (18, "Tuba"),
    (19, "Trombone"),
    (20, "Cors"),
    (21, "Triangle"),
    (22, "Balalaïka"),
    (23, "Banjo"),
    (24, "Harmonica"),
    (25, "Cithare"),
    (26, "Pandeiro"),
    (27, "Djembe"),
    (28, "Sitar"),
    (29, "Didgeridoo"),
    (30, "Guimbarde");

INSERT INTO HEBERGEMENT (idH, nomH, adresseH, nbPlacesH) VALUES
    (1, 'La Vieille Auberge', '1 rue de la Vieille Auberge', 50),
    (2, 'La Gare', '2 rue de la Gare', 50),
    (3, 'La Mairie', '3 rue de la Mairie', 50),
    (4, 'Le Centre', '4 rue du Centre', 50),
    (5, 'Le Parc', '5 rue du Parc', 50),
    (6, 'Les Voyageurs', '6 rue des Voyageurs', 50),
    (7, 'Les Trois Couronnes', '7 rue des Trois Couronnes', 50),
    (8, "Le Lion d'Or", "8 rue du Lion d'Or", 50),
    (9, 'La Paix', '9 rue de la Paix', 50),
    (10, 'La Poste', '10 rue de la Poste', 50),
    (11, 'Le Commerce', '11 rue du Commerce', 50),
    (12, "L'Europe", "12 rue de l'Europe", 50),
    (13, 'Le Nord', '13 rue du Nord', 50),
    (14, 'Le Midi', '14 rue du Midi', 50),
    (15, "L'Ouest", "15 rue de l'Ouest", 50),
    (16, "L'Est", "16 rue de l'Est", 50),
    (17, 'La Plage', '17 rue de la Plage', 50),
    (18, 'La Montagne', '18 rue de la Montagne', 50),
    (19, 'La Forêt', '19 rue de la Forêt', 50),
    (20, 'La Rivière', '20 rue de la Rivière', 50),
    (21, 'Le Lac', '21 rue du Lac', 50),
    (22, 'Le Château', '22 rue du Château', 50),
    (23, 'La Campagne', '23 rue de la Campagne', 50),
    (24, 'Le Village', '24 rue du Village', 50),
    (25, 'La Ferme', '25 rue de la Ferme', 50),
    (26, 'Le Moulin', '26 rue du Moulin', 50),
    (27, 'Le Manoir', '27 rue du Manoir', 50),
    (28, 'Le Prieuré', '28 rue du Prieuré', 50),
    (29, "L'Abbaye", "29 rue de l'Abbaye", 50),
    (30, 'La Citadelle', '30 rue de la Citadelle', 50);


INSERT INTO STYLEMUSICAL (idS, nomS) VALUES
    (1, "electro"),
    (2, "rock"),
    (3, "pop"),
    (4, "jazz"),
    (5, "classique");

INSERT INTO GROUPE (idG, nomG, descriptionG, idS) VALUES 
    (1, "Les Harmoniques", "Un groupe musical polyvalent offrant une expérience sonore unique.", 1),
    (2, "Rythmes Envoûtants", "Un groupe captivant avec des rythmes qui vous feront danser toute la nuit.", 2),
    (3, "Mélodies Magiques", "Un groupe magique qui crée des mélodies enchanteresses et des harmonies célestes.", 3),
    (4, "Sons Sublimes", "Un groupe qui produit des sons sublimes et des performances musicales exceptionnelles.", 4),
    (5, "Harmonie Musicale", "Un groupe dédié à l'harmonie parfaite et à la fusion musicale.", 5),
    (6, "Rhythmic Beats", "Un groupe énergique avec des rythmes puissants et des performances dynamiques.", 1),
    (7, "Mélodies Ensorcelantes", "Un groupe ensorcelant avec des mélodies envoûtantes et des compositions originales.", 2),
    (8, "Sons Sensationnels", "Un groupe dont les sons sensationnels captivent les auditeurs du monde entier.", 3),
    (9, "Harmonies Divines", "Un groupe céleste qui crée des harmonies divines et des performances angéliques.", 4),
    (10, "Rythmes Enivrants", "Un groupe dont les rythmes enivrants vous transportent dans un voyage musical.", 5),
    (11, "Mélodies Éthérées", "Un groupe aux mélodies éthérées et aux arrangements musicaux raffinés.", 1),
    (12, "Sons Célestes", "Un groupe qui produit des sons célestes et des compositions inspirantes.", 2),
    (13, "Harmonie Parfaite", "Un groupe qui recherche l'harmonie parfaite et l'expression musicale authentique.", 3),
    (14, "Rythmes Ensorcelés", "Un groupe ensorcelé par les rythmes et les sonorités mystiques.", 4),
    (15, "Mélodies Ensorcelées", "Un groupe dont les mélodies ensorcelées envoûtent les auditeurs.", 5),
    (16, "Sons Enchantés", "Un groupe dont les sons enchantés transportent les auditeurs dans un monde magique.", 1),
    (17, "Harmonie Ensorcelante", "Un groupe qui crée une harmonie ensorcelante avec des compositions envoûtantes.", 2),
    (18, "Rythmes Mystiques", "Un groupe aux rythmes mystiques et aux performances captivantes.", 3),
    (19, "Mélodies Envoûtantes", "Un groupe dont les mélodies envoûtantes charment les auditeurs de tous âges.", 4),
    (20, "Sons Mystérieux", "Un groupe aux sons mystérieux et aux performances énigmatiques.", 5),
    (21, "Harmonie Magique", "Un groupe qui crée une harmonie magique avec des mélodies enchanteresses.", 1),
    (22, "Rythmes Magiques", "Un groupe aux rythmes magiques et aux performances ensorcelantes.", 2),
    (23, "Mélodies Enivrantes", "Un groupe dont les mélodies enivrantes emportent les auditeurs dans un tourbillon musical.", 3),
    (24, "Sons Envoûtants", "Un groupe aux sons envoûtants et aux compositions enchanteresses.", 4),
    (25, "Harmonie Mystique", "Un groupe qui crée une harmonie mystique avec des arrangements musicaux captivants.", 5),
    (26, "Rythmes Ensorcelants", "Un groupe dont les rythmes ensorcelants hypnotisent les auditeurs.", 1),
    (27, "Mélodies Magiques", "Un groupe dont les mélodies magiques transportent les auditeurs dans un monde féerique.", 2),
    (28, "Harmonie Vibrante", "Un groupe dont les vibrations harmonieuses résonnent dans l'âme de l'auditeur.", 3),
    (29, "Sons Mystiques", "Un groupe dont les sons mystiques transportent les auditeurs dans un voyage sonore transcendantal.", 4),
    (30, "Harmonie Éternelle", "Un groupe dont l'harmonie éternelle crée une expérience musicale intemporelle pour tous les amateurs de musique.", 5);

INSERT INTO RESEAUSOCIAL (idRs, lienRs) VALUES 
    (1, "https://www.facebook.com/LesHarmoniques"),
    (2, "https://twitter.com/LesHarmoniques"),
    (3, "https://www.instagram.com/LesHarmoniques"),
    (4, "https://www.facebook.com/RythmesEnvoutants"),
    (5, "https://twitter.com/RythmesEnvoutants"),
    (6, "https://www.facebook.com/MelodiesMagiques"),
    (7, "https://www.instagram.com/MelodiesMagiques"),
    (8, "https://www.facebook.com/SonsSublimes"),
    (9, "https://twitter.com/SonsSublimes"),
    (10, "https://www.instagram.com/SonsSublimes"),
    (11, "https://www.facebook.com/HarmonieMusicale"),
    (12, "https://www.twitter.com/HarmonieMusicale"),
    (13, "https://www.facebook.com/RhythmicBeats"),
    (14, "https://www.instagram.com/RhythmicBeats"),
    (15, "https://www.facebook.com/MelodiesEnsorcelantes"),
    (16, "https://www.twitter.com/MelodiesEnsorcelantes"),
    (17, "https://www.facebook.com/SonsSensationnels"),
    (18, "https://www.instagram.com/SonsSensationnels"),
    (19, "https://www.facebook.com/HarmoniesDivines"),
    (20, "https://www.twitter.com/HarmoniesDivines"),
    (21, "https://www.instagram.com/HarmoniesDivines"),
    (22, "https://www.facebook.com/RythmesEnivrants"),
    (23, "https://www.twitter.com/RythmesEnivrants"),
    (24, "https://www.facebook.com/MelodiesEtheres"),
    (25, "https://www.twitter.com/MelodiesEtheres"),
    (26, "https://www.facebook.com/SonsCelestes"),
    (27, "https://www.instagram.com/SonsCelestes"),
    (28, "https://www.facebook.com/HarmonieParfaite"),
    (29, "https://www.twitter.com/HarmonieParfaite"),
    (30, "https://www.instagram.com/HarmonieParfaite"),
    (31, "https://www.facebook.com/RythmesEnsorcelés"),
    (32, "https://www.twitter.com/RythmesEnsorcelés"),
    (33, "https://www.facebook.com/MélodiesEnsorcelées"),
    (34, "https://www.instagram.com/MélodiesEnsorcelées"),
    (35, "https://www.facebook.com/SonsEnchantés"),
    (36, "https://www.twitter.com/SonsEnchantés"),
    (37, "https://www.facebook.com/HarmonieEnsorcelante"),
    (38, "https://www.instagram.com/HarmonieEnsorcelante"),
    (39, "https://www.twitter.com/HarmonieEnsorcelante"),
    (40, "https://www.facebook.com/RythmesMystiques"),
    (41, "https://www.instagram.com/RythmesMystiques"),
    (42, "https://www.facebook.com/MélodiesEnvoûtantes"),
    (43, "https://www.twitter.com/MélodiesEnvoûtantes"),
    (44, "https://www.instagram.com/MélodiesEnvoûtantes"),
    (45, "https://www.facebook.com/SonsMystérieux"),
    (46, "https://www.twitter.com/SonsMystérieux"),
    (47, "https://www.instagram.com/SonsMystérieux"),
    (48, "https://www.facebook.com/HarmonieMagique"),
    (49, "https://www.twitter.com/HarmonieMagique"),
    (50, "https://www.facebook.com/RythmesMagiques"),
    (51, "https://www.instagram.com/RythmesMagiques"),
    (52, "https://www.facebook.com/MélodiesEnivrantes"),
    (53, "https://www.twitter.com/MélodiesEnivrantes"),
    (54, "https://www.instagram.com/MélodiesEnivrantes"),
    (55, "https://www.facebook.com/SonsEnvoûtants"),
    (56, "https://www.twitter.com/SonsEnvoûtants"),
    (57, "https://www.facebook.com/HarmonieMystique"),
    (58, "https://www.instagram.com/HarmonieMystique"),
    (59, "https://www.facebook.com/RythmesEnsorcelants"),
    (60, "https://www.twitter.com/RythmesEnsorcelants"),
    (61, "https://www.facebook.com/MélodiesMagiques"),
    (62, "https://www.twitter.com/MélodiesMagiques"),
    (63, "https://www.facebook.com/HarmonieVibrante"),
    (64, "https://www.twitter.com/HarmonieVibrante"),
    (65, "https://www.facebook.com/SonsMystiques"),
    (66, "https://www.twitter.com/SonsMystiques"),
    (67, "https://www.facebook.com/HarmonieÉternelle"),
    (68, "https://www.twitter.com/HarmonieÉternelle"),
    (69, "https://www.instagram.com/HarmonieÉternelle");

INSERT INTO CONCERT (idC, idF, idG, idL, dateDebC, dateFinC, dureeMontageC, dureeDemontageC, estGratuit) VALUES

    -- Groupe 1
    (1, 1, 1, 1, '2024-10-25', '2024-10-25', '02:00:00', '01:30:00', TRUE),
    (2, 2, 1, 1, '2024-09-12', '2024-09-12', '02:00:00', '01:30:00', TRUE),
    (3, 3, 1, 1, '2024-09-14', '2024-09-14', '02:00:00', '01:30:00', TRUE),

    -- Groupe 2
    (4, 4, 2, 2, '2024-09-11', '2024-09-11', '01:30:00', '01:00:00', FALSE),
    (5, 5, 2, 2, '2024-09-13', '2024-09-13', '01:30:00', '01:00:00', FALSE),
    (6, 6, 2, 2, '2024-09-15', '2024-09-15', '01:30:00', '01:00:00', FALSE),

    -- Groupe 3
    (7, 7, 3, 3, '2024-09-11', '2024-09-11', '01:45:00', '01:15:00', TRUE),
    (8, 8, 3, 3, '2024-09-16', '2024-09-16', '01:45:00', '01:15:00', TRUE),
    
    -- Groupe 4
    (9, 9, 4, 4, '2024-09-12', '2024-09-12', '02:15:00', '01:45:00', FALSE),
    (10, 10, 4, 4, '2024-09-17', '2024-09-17', '02:15:00', '01:45:00', FALSE),

    -- Groupe 5
    (11, 11, 5, 5, '2024-09-13', '2024-09-13', '02:30:00', '02:00:00', TRUE),
    (12, 12, 5, 5, '2024-09-18', '2024-09-18', '02:30:00', '02:00:00', TRUE),

    -- Groupe 6
    (13, 1, 6, 1, '2024-09-11', '2024-09-11', '02:00:00', '01:30:00', TRUE),
    (14, 2, 6, 1, '2024-09-13', '2024-09-13', '02:00:00', '01:30:00', TRUE),
    (15, 3, 6, 1, '2024-09-15', '2024-09-15', '02:00:00', '01:30:00', TRUE),

    -- Groupe 7
    (16, 4, 7, 2, '2024-09-12', '2024-09-12', '01:30:00', '01:00:00', FALSE),
    (17, 5, 7, 2, '2024-09-14', '2024-09-14', '01:30:00', '01:00:00', FALSE),
    (18, 6, 7, 2, '2024-09-16', '2024-09-16', '01:30:00', '01:00:00', FALSE),

    -- Groupe 8
    (19, 7, 8, 3, '2024-09-13', '2024-09-13', '01:45:00', '01:15:00', TRUE),
    (20, 8, 8, 3, '2024-09-17', '2024-09-17', '01:45:00', '01:15:00', TRUE),

    -- Groupe 9
    (21, 9, 9, 4, '2024-09-14', '2024-09-14', '02:15:00', '01:45:00', FALSE),
    (22, 10, 9, 4, '2024-09-18', '2024-09-18', '02:15:00', '01:45:00', FALSE),

    -- Groupe 10
    (23, 11, 10, 5, '2024-09-15', '2024-09-15', '02:30:00', '02:00:00', TRUE),
    (24, 12, 10, 5, '2024-09-19', '2024-09-19', '02:30:00', '02:00:00', TRUE),

    -- Groupe 11
    (25, 12, 11, 1, '2024-09-20', '2024-09-20', '02:00:00', '01:30:00', TRUE),
    (26, 13, 11, 1, '2024-09-22', '2024-09-22', '02:00:00', '01:30:00', TRUE),
    (27, 14, 11, 1, '2024-09-24', '2024-09-24', '02:00:00', '01:30:00', TRUE),

    -- Groupe 12
    (28, 12, 12, 2, '2024-09-21', '2024-09-21', '01:30:00', '01:00:00', FALSE),
    (29, 13, 12, 2, '2024-09-23', '2024-09-23', '01:30:00', '01:00:00', FALSE),
    (30, 14, 12, 2, '2024-09-25', '2024-09-25', '01:30:00', '01:00:00', FALSE),

    -- Groupe 13
    (31, 15, 13, 3, '2024-09-22', '2024-09-22', '01:45:00', '01:15:00', TRUE),
    (32, 16, 13, 3, '2024-09-26', '2024-09-26', '01:45:00', '01:15:00', TRUE),

    -- Groupe 14
    (33, 17, 14, 4, '2024-09-23', '2024-09-23', '02:15:00', '01:45:00', FALSE),
    (34, 18, 14, 4, '2024-09-27', '2024-09-27', '02:15:00', '01:45:00', FALSE),

    -- Groupe 15
    (35, 19, 15, 5, '2024-09-24', '2024-09-24', '02:30:00', '02:00:00', TRUE),
    (36, 20, 15, 5, '2024-09-28', '2024-09-28', '02:30:00', '02:00:00', TRUE),

    -- Groupe 16
    (37, 17, 16, 1, '2024-09-30', '2024-09-30', '02:00:00', '01:30:00', TRUE),
    (38, 18, 16, 1, '2024-10-02', '2024-10-02', '02:00:00', '01:30:00', TRUE),
    (39, 19, 16, 1, '2024-10-04', '2024-10-04', '02:00:00', '01:30:00', TRUE),

    -- Groupe 17
    (40, 17, 17, 2, '2024-10-01', '2024-10-01', '01:30:00', '01:00:00', FALSE),
    (41, 18, 17, 2, '2024-10-03', '2024-10-03', '01:30:00', '01:00:00', FALSE),
    (42, 19, 17, 2, '2024-10-05', '2024-10-05', '01:30:00', '01:00:00', FALSE),

    -- Groupe 18
    (43, 20, 18, 3, '2024-10-02', '2024-10-02', '01:45:00', '01:15:00', TRUE),
    (44, 21, 18, 3, '2024-10-06', '2024-10-06', '01:45:00', '01:15:00', TRUE),
    
    -- Groupe 19
    (45, 22, 19, 4, '2024-10-03', '2024-10-03', '02:15:00', '01:45:00', FALSE),
    (46, 23, 19, 4, '2024-10-07', '2024-10-07', '02:15:00', '01:45:00', FALSE),

    -- Groupe 20
    (47, 24, 20, 5, '2024-10-04', '2024-10-04', '02:30:00', '02:00:00', TRUE),
    (48, 25, 20, 5, '2024-10-08', '2024-10-08', '02:30:00', '02:00:00', TRUE),

    -- Groupe 21
    (49, 22, 21, 1, '2024-10-12', '2024-10-12', '02:00:00', '01:30:00', TRUE),
    (50, 23, 21, 1, '2024-10-14', '2024-10-14', '02:00:00', '01:30:00', TRUE),
    (51, 24, 21, 1, '2024-10-16', '2024-10-16', '02:00:00', '01:30:00', TRUE),

    -- Groupe 22
    (52, 22, 22, 2, '2024-10-13', '2024-10-13', '01:30:00', '01:00:00', FALSE),
    (53, 23, 22, 2, '2024-10-15', '2024-10-15', '01:30:00', '01:00:00', FALSE),
    (54, 24, 22, 2, '2024-10-17', '2024-10-17', '01:30:00', '01:00:00', FALSE),

    -- Groupe 23
    (55, 25, 23, 3, '2024-10-14', '2024-10-14', '01:45:00', '01:15:00', TRUE),
    (56, 26, 23, 3, '2024-10-18', '2024-10-18', '01:45:00', '01:15:00', TRUE),

    -- Groupe 24
    (57, 27, 24, 4, '2024-10-15', '2024-10-15', '02:15:00', '01:45:00', FALSE),
    (58, 28, 24, 4, '2024-10-19', '2024-10-19', '02:15:00', '01:45:00', FALSE),

    -- Groupe 25
    (59, 29, 25, 5, '2024-10-16', '2024-10-16', '02:30:00', '02:00:00', TRUE),
    (60, 30, 25, 5, '2024-10-20', '2024-10-20', '02:30:00', '02:00:00', TRUE),
    
    -- Groupe 26
    (61, 20, 26, 1, '2024-10-22', '2024-10-22', '02:00:00', '01:30:00', TRUE),
    (62, 21, 26, 1, '2024-10-24', '2024-10-24', '02:00:00', '01:30:00', TRUE),
    (63, 22, 26, 1, '2024-10-26', '2024-10-26', '02:00:00', '01:30:00', TRUE),

    -- Groupe 27
    (64, 20, 27, 2, '2024-10-23', '2024-10-23', '01:30:00', '01:00:00', FALSE),
    (65, 21, 27, 2, '2024-10-25', '2024-10-25', '01:30:00', '01:00:00', FALSE),
    (66, 22, 27, 2, '2024-10-27', '2024-10-27', '01:30:00', '01:00:00', FALSE),

    -- Groupe 28
    (67, 23, 28, 3, '2024-10-24', '2024-10-24', '01:45:00', '01:15:00', TRUE),
    (68, 24, 28, 3, '2024-10-28', '2024-10-28', '01:45:00', '01:15:00', TRUE),

    -- Groupe 29
    (69, 25, 29, 4, '2024-10-25', '2024-10-25', '02:15:00', '01:45:00', FALSE),
    (70, 26, 29, 4, '2024-10-29', '2024-10-29', '02:15:00', '01:45:00', FALSE),

    -- Groupe 30
    (71, 27, 30, 5, '2024-10-26', '2024-10-26', '02:30:00', '02:00:00', TRUE),
    (72, 28, 30, 5, '2024-10-30', '2024-10-30', '02:30:00', '02:00:00', TRUE);

INSERT INTO ROLEUTI (idR, nomR) VALUES
    (1, "spectateur"),
    (2, "organisateur");

INSERT INTO UTILISATEUR (idU, nomU, prenomU, mailU, mdpU, idR) VALUES
    (1, "Jean", "Dupont", "jean.dupont@orange.fr", "jeandupont", 1),
    (2, "Marie", "Martin", "marie.martin@gmail.com", "mariemartin", 1),
    (3, "Pierre", "Durand", "pierre.durand@live.fr", "pierredurand", 1),
    (4, "Julie", "Lefebvre", "julie.lefebvre@gmail.com", "julielefebvre", 2),
    (5, "Thomas", "Leroy", "thomas.leroy@orange.fr", "thomasleroy", 2);

INSERT INTO VIDEO (idV, lienV) VALUES
    (1, 'lien_video_1'),
    (2, 'lien_video_2'),
    (3, 'lien_video_3'),
    (4, 'lien_video_4'),
    (5, 'lien_video_5'),
    (6, 'lien_video_6'),
    (7, 'lien_video_7'),
    (8, 'lien_video_8'),
    (9, 'lien_video_9'),
    (10, 'lien_video_10'),
    (11, 'lien_video_11'),
    (12, 'lien_video_12'),
    (13, 'lien_video_13'),
    (14, 'lien_video_14'),
    (15, 'lien_video_15'),
    (16, 'lien_video_16'),
    (17, 'lien_video_17'),
    (18, 'lien_video_18'),
    (19, 'lien_video_19'),
    (20, 'lien_video_20'),
    (21, 'lien_video_21'),
    (22, 'lien_video_22'),
    (23, 'lien_video_23'),
    (24, 'lien_video_24'),
    (25, 'lien_video_25'),
    (26, 'lien_video_26'),
    (27, 'lien_video_27'),
    (28, 'lien_video_28'),
    (29, 'lien_video_29'),
    (30, 'lien_video_30');

INSERt PHOTO (idP, img) VALUES
    (1, 'image1'),
    (2, 'image2'),
    (3, 'image3'),
    (4, 'image4'),
    (5, 'image5'),
    (6, 'imageG1_1'),
    (7, 'imageG1_2'),
    (8, 'imageG2_1'),
    (9, 'imageG2_2'),
    (10, 'imageG3_1'),
    (11, 'imageG3_2'),
    (12, 'imageG4_1'),
    (13, 'imageG4_2'),
    (14, 'imageG5_1'),
    (15, 'imageG5_2'),
    (16, 'imageG6_1'),
    (17, 'imageG6_2'),
    (18, 'imageG7_1'),
    (19, 'imageG7_2'),
    (20, 'imageG8_1'),
    (21, 'imageG8_2'),
    (22, 'imageG9_1'),
    (23, 'imageG9_2'),
    (24, 'imageG10_1'),
    (25, 'imageG10_2'),
    (26, 'imageG11_1'),
    (27, 'imageG11_2'),
    (28, 'imageG12_1'),
    (29, 'imageG12_2'),
    (30, 'imageG13_1'),
    (31, 'imageG13_2'),
    (32, 'imageG14_1'),
    (33, 'imageG14_2'),
    (34, 'imageG15_1'),
    (35, 'imageG15_2'),
    (36, 'imageG16_1'),
    (37, 'imageG16_2'),
    (38, 'imageG17_1'),
    (39, 'imageG17_2'),
    (40, 'imageG18_1'),
    (41, 'imageG18_2'),
    (42, 'imageG19_1'),
    (43, 'imageG19_2'),
    (44, 'imageG20_1'),
    (45, 'imageG20_2'),
    (46, 'imageG21_1'),
    (47, 'imageG21_2'),
    (48, 'imageG22_1'),
    (49, 'imageG22_2'),
    (50, 'imageG23_1'),
    (51, 'imageG23_2'),
    (52, 'imageG24_1'),
    (53, 'imageG24_2'),
    (54, 'imageG25_1'),
    (55, 'imageG25_2'),
    (56, 'imageG26_1'),
    (57, 'imageG26_2'),
    (58, 'imageG27_1'),
    (59, 'imageG27_2'),
    (60, 'imageG28_1'),
    (61, 'imageG28_2'),
    (62, 'imageG29_1'),
    (63, 'imageG29_2'),
    (64, 'imageG30_1'),
    (65, 'imageG30_2');

INSERT INTO ARTISTE (idA, nomA, prenomA, idP, idG) VALUES
    (1, "Darwin", "Charles", 1, 1),
    (2, "Dupres", "Francoise", 2, 2),
    (3, "Roussel", "Roger", 3, 3),
    (4, "Dupuis", "Anne", 4, 3),
    (5, "Newton", "Claude", 5, 3);

INSERT INTO JOUER (idA, idI) VALUES
    (1, 1),
    (2, 3),
    (3, 4),
    (4, 7),
    (5, 12);

INSERT INTO FAVORIS (idU, idG) VALUES
    (1, 1),
    (1, 2),
    (2, 3),
    (3, 1),
    (3, 4);

INSERT INTO ACTIVITEANNEXE (idAct, nomAct, descriptionAct, dateDebAct, dateFinAct, idL, idF, idG, estPublique) VALUES
    (1, "interview 1", "une interview", "2024-07-16", "2024-07-16", 1, 1, 1, TRUE),
    (2, "interview 2", "une autre interview", "2024-08-10", "2024-08-11", 2, 2, 2, FALSE),
    (3, "show case", "un show case", "2024-09-06", "2024-09-06", 3, 3, 3, TRUE),
    (4, "activite 1", "une activite", "2024-06-21", "2024-06-21", 4, 4, 4, TRUE),
    (5, "activite 2", "une autre activite", "2024-10-01", "2024-10-02", 5, 5, 5, TRUE);

INSERT INTO TYPEBILLET (idT, prixT, descriptionT) VALUES
    (1, 10, "Accès standard au festival"),
    (2, 15, "Accès VIP avec zones réservées"),
    (3, 20, "Accès VIP avec sièges réservés et boissons gratuites"),
    (4, 25, "Expérience Premium avec backstage et rencontres artistes"),
    (5, 30, "Forfait ultime avec accès illimité et cadeaux exclusifs");

INSERT INTO BILLET (idB, idT, idU, idF, dateDebB, dateFinB) VALUES
    (1, 1, 1, 1, '2024-10-20', '2024-10-25'),
    (2, 2, 2, 2, '2024-10-22', '2024-10-27'),
    (3, 3, 3, 1, '2024-10-24', '2024-10-29'),
    (4, 1, 4, 2, '2024-10-26', '2024-10-31'),
    (5, 2, 5, 1, '2024-10-28', '2024-11-02');

INSERT INTO RESERVATION_CONCERT (idRes, idC, idU) VALUES
    (1, 1, 1),
    (2, 2, 2),
    (3, 3, 3),
    (4, 1, 4),
    (5, 2, 5);

INSERT INTO RESERVATION_ACTIVITEANNEXE (idRes, idAct, idU) VALUES
    (1, 1, 1),
    (2, 3, 2);

INSERT INTO LOGER (idH, idG, dateDebH, dateFinH) VALUES
    (1, 1, '2024-10-20', '2024-10-25'),
    (2, 2, '2024-10-22', '2024-10-27'),
    (1, 3, '2024-10-24', '2024-10-29'),
    (1, 4, '2024-10-26', '2024-10-31'),
    (5, 2, '2024-10-28', '2024-11-02');

INSERT INTO IMAGER_GROUPE(idG, idP) VALUES
    (1, 6),
    (1, 7),
    (2, 8),
    (2, 9),
    (3, 10),
    (3, 11),
    (4, 12),
    (4, 13),
    (5, 14),
    (5, 15),
    (6, 16),
    (6, 17),
    (7, 18),
    (7, 19),
    (8, 20),
    (8, 21),
    (9, 22),
    (9, 23),
    (10, 24),
    (10, 25),
    (11, 26),
    (11, 27),
    (12, 28),
    (12, 29),
    (13, 30),
    (13, 31),
    (14, 32),
    (14, 33),
    (15, 34),
    (15, 35),
    (16, 36),
    (16, 37),
    (17, 38),
    (17, 39),
    (18, 40),
    (18, 41),
    (19, 42),
    (19, 43),
    (20, 44),
    (20, 45),
    (21, 46),
    (21, 47),
    (22, 48),
    (22, 49),
    (23, 50),
    (23, 51),
    (24, 52),
    (24, 53),
    (25, 54),
    (25, 55),
    (26, 56),
    (26, 57),
    (27, 58),
    (27, 59),
    (28, 60),
    (28, 61),
    (29, 62),
    (29, 63),
    (30, 64),
    (30, 65);

INSERT INTO VIDEO_GROUPE (idG, idV) VALUES
    (1, 1),
    (2, 2),
    (3, 3),
    (4, 4),
    (5, 5),
    (6, 6),
    (7, 7),
    (8, 8),
    (9, 9),
    (10, 10),
    (11, 11),
    (12, 12),
    (13, 13),
    (14, 14),
    (15, 15),
    (16, 16),
    (17, 17),
    (18, 18),
    (19, 19),
    (20, 20),
    (21, 21),
    (22, 22),
    (23, 23),
    (24, 24),
    (25, 25),
    (26, 26),
    (27, 27),
    (28, 28),
    (29, 29),
    (30, 30);

INSERT INTO RESEAUSOCIAL_GROUPE (idG, idRS) VALUES
    (1, 1),
    (1, 2),
    (1, 3),
    (2, 4),
    (2, 5),
    (3, 6),
    (3, 7),
    (4, 8),
    (4, 9),
    (4, 10),
    (5, 11),
    (5, 12),
    (6, 13),
    (6, 14),
    (7, 15),
    (7, 16),
    (8, 17),
    (8, 18),
    (9, 19),
    (9, 20),
    (9, 21),
    (10, 22),
    (10, 23),
    (11, 24),
    (11, 25),
    (12, 26),
    (12, 27),
    (13, 28),
    (13, 29),
    (13, 30),
    (14, 31),
    (14, 32),
    (15, 33),
    (15, 34),
    (16, 35),
    (16, 36),
    (17, 37),
    (17, 38),
    (17, 39),
    (18, 40),
    (18, 41),
    (19, 42),
    (19, 43),
    (19, 44),
    (20, 45),
    (20, 46),
    (20, 47),
    (21, 48),
    (21, 49),
    (22, 50),
    (22, 51),
    (23, 52),
    (23, 53),
    (23, 54),
    (24, 55),
    (24, 56),
    (25, 57),
    (25, 58),
    (26, 59),
    (26, 60),
    (27, 61),
    (27, 62),
    (28, 63),
    (28, 64),
    (29, 65),
    (29, 66),
    (30, 67),
    (30, 68),
    (30, 69);